Fecha,Ultimo,Apertura,%Ultimo,%Apertura,Event,Mac,Diferencia 
1/4/1975,166.8,179.7,-7%,-2%,No,No,-5%
1/5/1975,169,167,1%,-7%,No,No,8%
1/6/1975,167.8,164.5,-1%,-1%,No,No,-2%
1/7/1975,173.4,168.3,3%,2%,No,No,4%
1/8/1975,162.8,173.8,-6%,3%,No,No,-9%
1/9/1975,142.2,152.8,-13%,-12%,No,No,-7%
1/10/1975,142.8,145,0%,-5%,Si,Si,13%
1/11/1975,138.8,143.5,-3%,-1%,No,No,-3%
1/12/1975,141,138.8,2%,-3%,No,No,4%
1/1/1976,129,140.8,-9%,1%,Si,Si,-10%
1/2/1976,132.6,130.5,3%,-7%,Si,Si,11%
1/3/1976,129.7,132.5,-2%,2%,No,No,-5%
1/4/1976,128.9,129.7,-1%,-2%,No,No,2%
1/5/1976,127.3,128.8,-1%,-1%,No,No,-1%
1/6/1976,123.9,127.8,-3%,-1%,No,No,-1%
1/7/1976,114.2,123.6,-8%,-3%,No,No,-5%
1/8/1976,103.2,113.7,-10%,-8%,No,Si,-2%
1/9/1976,116.1,104.3,13%,-8%,Si,Si,22%
1/10/1976,123.8,115.8,7%,11%,No,No,-6%
1/11/1976,132.6,122.8,7%,6%,No,No,0%
1/12/1976,135.7,131.9,2%,7%,No,No,-5%
1/1/1977,134,135.5,-1%,3%,No,No,-4%
1/2/1977,144.6,134,8%,-1%,No,No,9%
1/3/1977,151,143,4%,7%,No,No,-3%
1/4/1977,148,150.5,-2%,5%,No,No,-6%
1/5/1977,144.3,147.9,-2%,-2%,No,No,-1%
1/6/1977,143.6,144.8,0%,-2%,No,No,2%
1/7/1977,147.1,143.5,2%,-1%,No,No,3%
1/8/1977,148.1,147.2,1%,3%,No,No,-2%
1/9/1977,156.4,147.7,6%,0%,No,No,5%
1/10/1977,162.7,157.8,4%,7%,No,No,-2%
1/11/1977,162.3,163.8,0%,4%,No,No,-4%
1/12/1977,167.5,162.9,3%,-1%,No,No,3%
1/1/1978,178.9,169.9,7%,4%,No,No,4%
1/2/1978,184.4,179.4,3%,6%,No,No,-4%
1/3/1978,186.2,184.9,1%,3%,No,No,-2%
1/4/1978,170.6,185.7,-8%,0%,No,No,-9%
1/5/1978,217.4,217.4,27%,17%,Si,Si,36%
1/6/1978,214.2,214.2,-1%,-1%,Si,Si,-29%
1/7/1978,237.3,237.3,11%,11%,Si,Si,12%
1/8/1978,237.8,237.8,0%,0%,Si,Si,-11%
1/9/1978,250.8,250.8,5%,5%,No,No,5%
1/10/1978,276.4,276.4,10%,10%,No,No,5%
1/11/1978,222.5,222.5,-20%,-20%,Si,Si,-30%
1/12/1978,258.6,258.6,16%,16%,Si,Si,36%
1/1/1979,261.8,261.8,1%,1%,Si,Si,-15%
1/2/1979,281.2,281.2,7%,7%,No,No,6%
1/3/1979,265.4,265.4,-6%,-6%,Si,Si,-13%
1/4/1979,271.2,271.2,2%,2%,No,No,8%
1/5/1979,300.3,300.3,11%,11%,No,No,9%
1/6/1979,302.5,302.5,1%,1%,Si,Si,-10%
1/7/1979,308.2,308.2,2%,2%,No,No,1%
1/8/1979,338.6,338.6,10%,10%,No,No,8%
1/9/1979,420.9,420.9,24%,24%,Si,Si,14%
1/10/1979,395.5,395.5,-6%,-6%,Si,Si,-30%
1/11/1979,430.5,407.8,9%,3%,Si,Si,15%
1/12/1979,549.4,440,28%,8%,Si,Si,19%
1/1/1980,704,574.4,28%,31%,Si,No,1%
1/2/1980,651,700,-8%,22%,Si,Si,-36%
1/3/1980,519,651.6,-20%,-7%,Si,Si,-13%
1/4/1980,513.2,525,-1%,-19%,Si,Si,19%
1/5/1980,555,526,8%,0%,No,No,9%
1/6/1980,660.2,580,19%,10%,Si,Si,11%
1/7/1980,629.5,675.7,-5%,17%,Si,Si,-24%
1/8/1980,648.8,630,3%,-7%,No,No,8%
1/9/1980,688.5,652.6,6%,4%,Si,No,3%
1/10/1980,650.5,699,-6%,7%,Si,Si,-12%
1/11/1980,644.5,664.1,-1%,-5%,No,No,5%
1/12/1980,607.8,656,-6%,-1%,No,No,-5%
1/1/1981,512.5,601.5,-16%,-8%,Si,Si,-10%
1/2/1981,493,505,-4%,-16%,Si,Si,12%
1/3/1981,525.5,470.4,7%,-7%,Si,Si,10%
1/4/1981,495,524,-6%,11%,Si,Si,-12%
1/5/1981,492.5,502.5,-1%,-4%,No,No,5%
1/6/1981,433.8,495.5,-12%,-1%,Si,Si,-11%
1/7/1981,413,424.2,-5%,-14%,No,Si,7%
1/8/1981,437.3,402,6%,-5%,Si,Si,11%
1/9/1981,443,441,1%,10%,No,No,-5%
1/10/1981,436.3,446,-2%,1%,No,Si,-3%
1/11/1981,413.3,437.6,-5%,-2%,No,No,-4%
1/12/1981,406.6,407,-2%,-7%,No,No,4%
1/1/1982,391.8,391.5,-4%,-4%,No,No,-2%
1/2/1982,368.5,387,-6%,-1%,No,No,-2%
1/3/1982,334.2,369.8,-9%,-4%,No,No,-3%
1/4/1982,354.2,334.5,6%,-10%,Si,Si,15%
1/5/1982,329,352.9,-7%,6%,Si,Si,-13%
1/6/1982,321.7,325.5,-2%,-8%,No,No,5%
1/7/1982,348.6,318,8%,-2%,Si,Si,11%
1/8/1982,418.5,358,20%,13%,Si,Si,12%
1/9/1982,404.8,415,-3%,16%,Si,Si,-23%
1/10/1982,429.5,408.5,6%,-2%,No,No,9%
1/11/1982,449,436.5,5%,7%,No,No,-2%
1/12/1982,456.3,446,2%,2%,No,No,-3%
1/1/1983,518.2,457.6,14%,3%,Si,Si,12%
1/2/1983,427.1,517.5,-18%,13%,Si,Si,-31%
1/3/1983,422,418,-1%,-19%,Si,Si,16%
1/4/1983,436.8,422.5,4%,1%,No,No,5%
1/5/1983,418.5,433.8,-4%,3%,No,No,-8%
1/6/1983,421.9,420,1%,-3%,No,No,5%
1/7/1983,420,424.6,0%,1%,No,No,-1%
1/8/1983,421.2,419,0%,-1%,No,No,1%
1/9/1983,407.8,422.2,-3%,1%,No,No,-3%
1/10/1983,382,396,-6%,-6%,No,No,-3%
1/11/1983,409,384,7%,-3%,Si,Si,13%
1/12/1983,391.3,405,-4%,5%,Si,Si,-11%
1/1/1984,379.2,382.3,-3%,-6%,No,No,1%
1/2/1984,402.1,384,6%,0%,No,No,9%
1/3/1984,394.3,400.9,-2%,4%,No,No,-8%
1/4/1984,383.3,394.5,-3%,-2%,No,No,-1%
1/5/1984,393.6,384,3%,-3%,No,No,5%
1/6/1984,379.8,399.3,-4%,4%,No,Si,-6%
1/7/1984,343.5,377.3,-10%,-6%,No,No,-6%
1/8/1984,351.2,343.7,2%,-9%,Si,Si,12%
1/9/1984,351.3,343.9,0%,0%,No,No,-2%
1/10/1984,338.8,352,-4%,2%,No,No,-4%
1/11/1984,333.5,340.8,-2%,-3%,No,No,2%
1/12/1984,311.7,332.5,-7%,-2%,No,No,-5%
1/1/1985,307.4,306.2,-1%,-8%,No,No,5%
1/2/1985,290.8,306,-5%,0%,No,No,-4%
1/3/1985,334.1,292,15%,-5%,Si,Si,20%
1/4/1985,320.7,324.5,-4%,11%,Si,Si,-19%
1/5/1985,319.5,317.3,0%,-2%,No,No,4%
1/6/1985,321.3,320.1,1%,1%,No,No,1%
1/7/1985,331,317.8,3%,-1%,No,No,2%
1/8/1985,337.6,326.7,2%,3%,No,No,-1%
1/9/1985,327.1,328.8,-3%,1%,No,No,-5%
1/10/1985,328.7,326,0%,-1%,No,No,4%
1/11/1985,327.3,330.1,0%,1%,No,No,-1%
1/12/1985,332.9,327.8,2%,-1%,No,No,2%
1/1/1986,352.9,330.7,6%,1%,No,No,4%
1/2/1986,342.8,351,-3%,6%,No,No,-9%
1/3/1986,334.8,342.3,-2%,-2%,No,No,1%
1/4/1986,349.7,336,4%,-2%,No,No,7%
1/5/1986,347.1,344.4,-1%,2%,No,No,-5%
1/6/1986,350.7,346.2,1%,1%,No,No,2%
1/7/1986,366.3,347.4,4%,0%,No,No,3%
1/8/1986,393.3,364.2,7%,5%,No,No,3%
1/9/1986,429.8,409.6,9%,12%,Si,No,2%
1/10/1986,407.1,430.3,-5%,5%,Si,Si,-15%
1/11/1986,394.8,408.4,-3%,-5%,No,No,2%
1/12/1986,408,402,3%,-2%,No,No,6%
1/1/1987,408.9,407.5,0%,1%,No,Si,-3%
1/2/1987,409.4,409.7,0%,1%,No,No,0%
1/3/1987,422.7,407.5,3%,-1%,No,No,3%
1/4/1987,459.2,422.5,9%,4%,No,No,5%
1/5/1987,456,462.3,-1%,9%,No,No,-9%
1/6/1987,454.8,449.5,0%,-3%,No,No,0%
1/7/1987,469.5,452,3%,1%,No,No,3%
1/8/1987,456,478,-3%,6%,No,No,-6%
1/9/1987,458.8,460.1,1%,-4%,No,No,3%
1/10/1987,477.2,459.8,4%,0%,No,No,3%
1/11/1987,497.2,478,4%,4%,No,No,0%
1/12/1987,488.9,493.5,-2%,3%,No,Si,-6%
1/1/1988,458.5,483.1,-6%,-2%,No,No,-5%
1/2/1988,435.8,458.5,-5%,-5%,No,No,1%
1/3/1988,457.9,434.4,5%,-5%,Si,Si,10%
1/4/1988,457,461.5,0%,6%,No,No,-5%
1/5/1988,459.8,453.3,1%,-2%,No,No,1%
1/6/1988,440.2,461.7,-4%,2%,No,No,-5%
1/7/1988,441.7,442.1,0%,-4%,No,No,5%
1/8/1988,437,441.7,-1%,0%,No,No,-1%
1/9/1988,399.2,435.8,-9%,-1%,No,No,-8%
1/10/1988,417.6,398.8,5%,-8%,Si,Si,13%
1/11/1988,429.6,416.5,3%,4%,No,No,-2%
1/12/1988,414.8,429.8,-3%,3%,No,No,-6%
1/1/1989,395.8,415.9,-5%,-3%,No,No,-1%
1/2/1989,392.9,396,-1%,-5%,No,No,4%
1/3/1989,390,389.6,-1%,-2%,No,No,0%
1/4/1989,382.7,390.3,-2%,0%,No,No,-1%
1/5/1989,366.5,382.9,-4%,-2%,No,No,-2%
1/6/1989,379.3,366.3,3%,-4%,No,No,8%
1/7/1989,374.7,390.6,-1%,7%,No,No,-5%
1/8/1989,363.6,374.5,-3%,-4%,No,No,-2%
1/9/1989,372,363.6,2%,-3%,No,No,5%
1/10/1989,379.7,371.8,2%,2%,No,No,0%
1/11/1989,417.5,378,10%,2%,No,No,8%
1/12/1989,407.6,418.2,-2%,11%,Si,Si,-12%
1/1/1990,417.8,404.5,3%,-3%,No,No,5%
1/2/1990,411.8,418.7,-1%,4%,No,No,-4%
1/3/1990,375,411.9,-9%,-2%,No,No,-8%
1/4/1990,373.8,372.3,0%,-10%,No,No,9%
1/5/1990,368.6,374.4,-1%,1%,No,No,-1%
1/6/1990,362,367.7,-2%,-2%,No,No,0%
1/7/1990,374.6,362.5,3%,-1%,No,No,5%
1/8/1990,386.9,375,3%,3%,No,No,0%
1/9/1990,408.1,388.3,5%,4%,No,No,2%
1/10/1990,383.3,402,-6%,4%,Si,Si,-12%
1/11/1990,385.7,385.1,1%,-4%,No,No,7%
1/12/1990,397.8,384.9,3%,0%,No,No,3%
1/1/1991,368.5,392.6,-7%,2%,Si,Si,-11%
1/2/1991,370.7,372.8,1%,-5%,No,No,8%
1/3/1991,359.4,370.3,-3%,-1%,No,No,-4%
1/4/1991,359.5,359.4,0%,-3%,No,No,3%
1/5/1991,364.8,359.5,1%,0%,No,No,1%
1/6/1991,371.7,366.8,2%,2%,No,No,0%
1/7/1991,367.2,371.6,-1%,1%,No,No,-3%
1/8/1991,351.3,367,-4%,-1%,No,No,-3%
1/9/1991,357.3,351.3,2%,-4%,No,No,6%
1/10/1991,360.9,357,1%,2%,No,No,-1%
1/11/1991,371.1,358.3,3%,0%,No,No,2%
1/12/1991,356.3,371.5,-4%,4%,No,No,-7%
1/1/1992,358.9,354.2,1%,-5%,No,No,5%
1/2/1992,355.2,359.4,-1%,1%,No,No,-2%
1/3/1992,345.5,353.6,-3%,-2%,No,No,-2%
1/4/1992,338.8,346,-2%,-2%,No,No,1%
1/5/1992,338.4,338.5,0%,-2%,No,No,2%
1/6/1992,345.3,338.6,2%,0%,No,No,2%
1/7/1992,359.4,348.3,4%,3%,No,No,2%
1/8/1992,344.4,358.3,-4%,3%,No,No,-8%
1/9/1992,349.4,342.5,1%,-4%,No,No,6%
1/10/1992,340.8,348.8,-2%,2%,No,No,-4%
1/11/1992,335.5,341.3,-2%,-2%,No,No,1%
1/12/1992,333.6,335.7,-1%,-2%,No,No,1%
1/1/1993,330.7,328.9,-1%,-2%,No,No,0%
1/2/1993,331.2,330.1,0%,0%,No,No,1%
1/3/1993,339.3,329.9,2%,0%,No,No,2%
1/4/1993,357.9,338.5,5%,3%,No,No,3%
1/5/1993,380.3,356,6%,5%,No,No,1%
1/6/1993,380.2,379.6,0%,7%,No,No,-6%
1/7/1993,409.2,391.5,8%,3%,No,No,8%
1/8/1993,374.8,408.2,-8%,4%,Si,Si,-16%
1/9/1993,357.1,371.7,-5%,-9%,No,No,4%
1/10/1993,370.5,356.2,4%,-4%,No,No,8%
1/11/1993,371.9,363,0%,2%,No,No,-3%
1/12/1993,392.8,370.8,6%,2%,No,No,5%
1/1/1994,383.6,393,-2%,6%,No,No,-8%
1/2/1994,383.5,383.5,0%,-2%,No,No,2%
1/3/1994,394.3,380.4,3%,-1%,No,No,3%
1/4/1994,379.1,394.3,-4%,4%,No,No,-7%
1/5/1994,390,378.7,3%,-4%,No,No,7%
1/6/1994,388.8,390.3,0%,3%,No,No,-3%
1/7/1994,386.1,389.6,-1%,0%,No,No,0%
1/8/1994,389.3,386.9,1%,-1%,No,No,2%
1/9/1994,397.6,389.8,2%,1%,No,No,1%
1/10/1994,386.6,396.2,-3%,2%,No,No,-5%
1/11/1994,384.5,387.4,-1%,-2%,No,No,2%
1/12/1994,386.4,383.7,0%,-1%,No,No,1%
1/1/1995,377.7,382.9,-2%,0%,No,No,-3%
1/2/1995,379.8,378.7,1%,-1%,No,No,3%
1/3/1995,394.3,377.7,4%,0%,No,No,3%
1/4/1995,390.1,395.1,-1%,5%,No,No,-5%
1/5/1995,387.6,391.5,-1%,-1%,No,No,0%
1/6/1995,387.3,387.6,0%,-1%,No,No,1%
1/7/1995,385.4,386.9,0%,0%,No,No,0%
1/8/1995,385.5,385.7,0%,0%,No,No,1%
1/9/1995,386.5,383.3,0%,-1%,No,No,0%
1/10/1995,385.3,386.2,0%,1%,No,No,-1%
1/11/1995,388.6,384.6,1%,0%,No,No,1%
1/12/1995,389.1,388.7,0%,1%,No,No,-1%
1/1/1996,408.5,397.2,5%,2%,No,No,5%
1/2/1996,402.5,409.2,-1%,3%,No,No,-6%
1/3/1996,398.4,399.6,-1%,-2%,No,No,0%
1/4/1996,394.7,398.6,-1%,0%,No,No,0%
1/5/1996,394.4,394.2,0%,-1%,No,No,1%
1/6/1996,382.9,394.5,-3%,0%,No,No,-3%
1/7/1996,390.5,384,2%,-3%,No,No,5%
1/8/1996,391.3,390.5,0%,2%,No,No,-2%
1/9/1996,380.5,383.3,-3%,-2%,No,No,-3%
1/10/1996,380.1,380.8,0%,-1%,No,No,3%
1/11/1996,375,376.6,-1%,-1%,No,No,-1%
1/12/1996,370.3,373.9,-1%,-1%,No,No,0%
1/1/1997,346,352,-7%,-6%,No,No,-5%
1/2/1997,366.2,346.3,6%,-2%,Si,Si,12%
1/3/1997,354,356,-3%,3%,No,No,-9%
1/4/1997,342.4,354.3,-3%,0%,No,No,0%
1/5/1997,347.5,347.4,1%,-2%,No,No,5%
1/6/1997,336.5,347.3,-3%,0%,No,No,-5%
1/7/1997,326.5,334,-3%,-4%,No,No,0%
1/8/1997,326.4,326.7,0%,-2%,No,No,3%
1/9/1997,336.9,329,3%,1%,No,No,3%
1/10/1997,313.2,336.6,-7%,2%,Si,Si,-10%
1/11/1997,298.6,318,-5%,-6%,No,No,2%
1/12/1997,290.7,298.5,-3%,-6%,No,No,2%
1/1/1998,304.6,286,5%,-4%,No,No,7%
1/2/1998,301,304.6,-1%,7%,No,No,-6%
1/3/1998,303.3,301.9,1%,-1%,No,No,2%
1/4/1998,309,303.3,2%,0%,No,No,1%
1/5/1998,295.1,294.5,-4%,-3%,No,No,-6%
1/6/1998,299.2,295.4,1%,0%,No,No,6%
1/7/1998,288.4,296.5,-4%,0%,No,No,-5%
1/8/1998,277.6,288.6,-4%,-3%,No,No,0%
1/9/1998,299,298,8%,3%,Si,Si,11%
1/10/1998,294.7,299.1,-1%,0%,No,No,-9%
1/11/1998,295.1,294.5,0%,-2%,No,No,2%
1/12/1998,290.2,295.3,-2%,0%,No,No,-2%
1/1/1999,288.2,294,-1%,0%,No,No,1%
1/2/1999,289.2,288.5,0%,-2%,No,No,1%
1/3/1999,281.9,282.5,-3%,-2%,Si,No,-3%
1/4/1999,288.7,282.3,2%,0%,No,No,5%
1/5/1999,272,287.8,-6%,2%,No,No,-8%
1/6/1999,264.3,271.5,-3%,-6%,No,No,3%
1/7/1999,257.6,258,-3%,-5%,No,No,0%
1/8/1999,257,257,0%,0%,No,No,2%
1/9/1999,299.5,311.1,17%,21%,Si,Si,17%
1/10/1999,301,299.1,1%,-4%,Si,Si,-16%
1/11/1999,293,295.5,-3%,-1%,No,No,-3%
1/12/1999,290.7,293,-1%,-1%,No,No,2%
1/1/2000,286.2,291.5,-2%,-1%,No,No,-1%
1/2/2000,295.4,286,3%,-2%,No,No,5%
1/3/2000,281.4,279,-5%,-2%,No,No,-8%
1/4/2000,276,281.5,-2%,1%,No,No,3%
1/5/2000,274.8,275.1,0%,-2%,No,No,1%
1/6/2000,293,275.4,7%,0%,No,No,7%
1/7/2000,280.2,286,-4%,4%,Si,Si,-11%
1/8/2000,280.8,280.3,0%,-2%,No,No,5%
1/9/2000,276.9,276,-1%,-2%,No,No,-2%
1/10/2000,267.7,277.3,-3%,0%,No,No,-2%
1/11/2000,273.3,272.5,2%,-2%,No,No,5%
1/12/2000,274.9,273.2,1%,0%,No,No,-2%
1/1/2001,268,274.5,-3%,0%,No,No,-3%
1/2/2001,268.9,267.8,0%,-2%,No,No,3%
1/3/2001,259.2,260.1,-4%,-3%,No,No,-4%
1/4/2001,264.9,259.1,2%,0%,No,No,6%
1/5/2001,266.9,275.2,1%,6%,No,No,-1%
1/6/2001,272,266.8,2%,-3%,No,No,1%
1/7/2001,267.9,267,-2%,0%,No,No,-3%
1/8/2001,275.8,267.9,3%,0%,No,No,4%
1/9/2001,294,276.3,7%,3%,No,No,4%
1/10/2001,280.8,293.7,-4%,6%,Si,Si,-11%
1/11/2001,274.9,281.1,-2%,-4%,No,No,2%
1/12/2001,279.3,275.8,2%,-2%,No,No,4%
1/1/2002,282.9,282.6,1%,2%,No,No,0%
1/2/2002,297.6,283,5%,0%,No,No,4%
1/3/2002,303.7,303.9,2%,7%,No,No,-3%
1/4/2002,309.8,304,2%,0%,No,No,0%
1/5/2002,327.5,314.2,6%,3%,No,No,4%
1/6/2002,314.4,327.5,-4%,4%,Si,Si,-10%
1/7/2002,304.2,317,-3%,-3%,No,No,1%
1/8/2002,313.3,302.3,3%,-5%,No,No,6%
1/9/2002,325.2,327.3,4%,8%,No,No,1%
1/10/2002,318.8,324.3,-2%,-1%,No,No,-6%
1/11/2002,317.8,321.5,0%,-1%,No,No,2%
1/12/2002,348.6,319.1,10%,-1%,Si,Si,10%
1/1/2003,369.1,347.5,6%,9%,No,No,-4%
1/2/2003,350.7,368.9,-5%,6%,Si,Si,-11%
1/3/2003,336.9,353.5,-4%,-4%,No,No,1%
1/4/2003,339.8,336.8,1%,-5%,No,No,5%
1/5/2003,365.6,345,8%,2%,No,No,7%
1/6/2003,346.7,364,-5%,6%,Si,Si,-13%
1/7/2003,355,352.1,2%,-3%,No,No,8%
1/8/2003,376.3,355.5,6%,1%,No,No,4%
1/9/2003,386.1,383,3%,8%,No,No,-3%
1/10/2003,385.1,385.9,0%,1%,No,No,-3%
1/11/2003,398,398,3%,3%,No,No,4%
1/12/2003,416.6,398.9,5%,0%,No,No,1%
1/1/2004,402.9,426.3,-3%,7%,No,No,-8%
1/2/2004,397.3,403.1,-1%,-5%,No,No,2%
1/3/2004,428.3,398.9,8%,-1%,No,No,9%
1/4/2004,388,427.5,-9%,7%,Si,Si,-17%
1/5/2004,394.9,378,2%,-12%,Si,Si,11%
1/6/2004,393.6,396,0%,5%,No,No,-2%
1/7/2004,392.4,407,0%,3%,No,No,0%
1/8/2004,411.7,393.4,5%,-3%,No,No,5%
1/9/2004,420.4,405.3,2%,3%,No,No,-3%
1/10/2004,430.3,420.4,2%,4%,No,No,0%
1/11/2004,453.2,440.6,5%,5%,No,Si,3%
1/12/2004,439.4,453.4,-3%,3%,No,No,-8%
1/1/2005,424.1,420,-3%,-7%,No,No,0%
1/2/2005,438.8,424.3,3%,1%,No,No,7%
1/3/2005,431.1,435.7,-2%,3%,No,No,-5%
1/4/2005,437.4,431.1,1%,-1%,No,No,3%
1/5/2005,418.9,422.7,-4%,-2%,Si,No,-6%
1/6/2005,438.6,418.7,5%,-1%,No,No,9%
1/7/2005,432.8,422,-1%,1%,No,No,-6%
1/8/2005,436.6,432.6,1%,3%,No,No,2%
1/9/2005,472.3,473.1,8%,9%,No,No,7%
1/10/2005,468.8,471.5,-1%,0%,No,No,-9%
1/11/2005,498.7,458.5,6%,-3%,No,No,7%
1/12/2005,521.2,498,5%,9%,No,No,-2%
1/1/2006,575.5,537.3,10%,8%,No,No,6%
1/2/2006,566.5,575,-2%,7%,Si,Si,-12%
1/3/2006,586.7,545,4%,-5%,No,No,5%
1/4/2006,657.7,587.8,12%,8%,No,Si,9%
1/5/2006,649,664.4,-1%,13%,Si,Si,-13%
1/6/2006,619.3,649.8,-5%,-2%,No,No,-3%
1/7/2006,640.4,654,3%,1%,No,No,8%
1/8/2006,631.2,640.4,-1%,-2%,No,No,-5%
1/9/2006,604.2,633.5,-4%,-1%,No,No,-3%
1/10/2006,609.8,604,1%,-5%,Si,No,5%
1/11/2006,652.9,627,7%,4%,No,No,6%
1/12/2006,641.1,655,-2%,4%,No,No,-9%
1/1/2007,657.9,649,3%,-1%,No,No,4%
1/2/2007,675.6,658.5,3%,1%,No,No,0%
1/3/2007,669,656.2,-1%,0%,No,No,-4%
1/4/2007,686.7,671.1,3%,2%,No,No,4%
1/5/2007,666.7,689.4,-3%,3%,No,Si,-6%
1/6/2007,653.9,666.5,-2%,-3%,No,No,1%
1/7/2007,673,659,3%,-1%,No,Si,5%
1/8/2007,678.8,668.6,1%,1%,No,No,-2%
1/9/2007,750,688.5,10%,3%,Si,Si,10%
1/10/2007,798.5,750.6,6%,9%,No,No,-4%
1/11/2007,789.1,811.5,-1%,8%,No,No,-8%
1/12/2007,841.2,789.4,7%,-3%,No,No,8%
1/1/2008,928,847.7,10%,7%,No,No,4%
1/2/2008,977.5,929.8,5%,10%,Si,No,-5%
1/3/2008,921.5,985.9,-6%,6%,Si,Si,-11%
1/4/2008,867.2,920.5,-6%,-7%,No,No,0%
1/5/2008,891.5,867.7,3%,-6%,No,No,9%
1/6/2008,930.6,891.3,4%,3%,No,No,2%
1/7/2008,918,942.8,-1%,6%,No,No,-6%
1/8/2008,833.2,917.7,-9%,-3%,No,No,-8%
1/9/2008,880.8,808.9,6%,-12%,Si,Si,15%
1/10/2008,718.9,876.9,-18%,8%,Si,Si,-24%
1/11/2008,819,739.2,14%,-16%,Si,Si,32%
1/12/2008,884.8,819,8%,11%,No,No,-6%
1/1/2009,928.4,876.7,5%,7%,No,No,-3%
1/2/2009,943.5,927,2%,6%,No,No,-3%
1/3/2009,925,902,-2%,-3%,No,No,-4%
1/4/2009,892,920,-4%,2%,No,No,-2%
1/5/2009,980.3,888.6,10%,-3%,Si,Si,13%
1/6/2009,928.1,981,-5%,10%,Si,Si,-15%
1/7/2009,954.5,933.8,3%,-5%,No,No,8%
1/8/2009,952.8,954.8,0%,2%,No,No,-3%
1/9/2009,1009.3,950.6,6%,0%,No,No,6%
1/10/2009,1040.9,1008.3,3%,6%,No,No,-3%
1/11/2009,1182.3,1092.9,14%,8%,Si,Si,10%
1/12/2009,1096.9,1181.4,-7%,8%,Si,Si,-21%
1/1/2010,1083.8,1095,-1%,-7%,No,No,6%
1/2/2010,1119.5,1081.9,3%,-1%,No,Si,4%
1/3/2010,1114.5,1118.6,0%,3%,No,No,-4%
1/4/2010,1181.4,1114.6,6%,0%,No,No,6%
1/5/2010,1215,1182,3%,6%,No,No,-3%
1/6/2010,1246.9,1216.7,3%,3%,Si,No,0%
1/7/2010,1182.4,1200,-5%,-1%,No,No,-8%
1/8/2010,1249.6,1182.8,6%,-1%,Si,Si,11%
1/9/2010,1309.6,1247.9,5%,6%,No,No,-1%
1/10/2010,1358.7,1309.6,4%,5%,No,No,-1%
1/11/2010,1386.1,1359.3,2%,4%,No,No,-2%
1/12/2010,1422.5,1387.7,3%,2%,Si,No,1%
1/1/2011,1334.5,1416.5,-6%,2%,No,No,-9%
1/2/2011,1410.6,1334,6%,-6%,Si,Si,12%
1/3/2011,1439.9,1415.5,2%,6%,No,No,-4%
1/4/2011,1557,1433.8,8%,1%,Si,No,6%
1/5/2011,1536.8,1570.5,-1%,10%,No,No,-9%
1/6/2011,1503.3,1536.6,-2%,-2%,No,No,-1%
1/7/2011,1629.9,1499.4,8%,-2%,Si,Si,11%
1/8/2011,1830.3,1620.6,12%,8%,Si,No,4%
1/9/2011,1622.3,1877.3,-11%,16%,Si,Si,-24%
1/10/2011,1726.2,1625.1,6%,-13%,Si,Si,18%
1/11/2011,1750.3,1724.8,1%,6%,No,No,-5%
1/12/2011,1568,1752.5,-10%,2%,Si,Si,-12%
1/1/2012,1740.4,1574.4,11%,-10%,Si,Si,21%
1/2/2012,1712.6,1739.8,-2%,11%,Si,Si,-13%
1/3/2012,1671.9,1701,-2%,-2%,No,No,-1%
1/4/2012,1665.3,1671.5,0%,-2%,No,No,2%
1/5/2012,1564.2,1658,-6%,-1%,No,No,-6%
1/6/2012,1605.3,1561.8,3%,-6%,No,No,9%
1/7/2012,1612.4,1591.6,0%,2%,No,No,-2%
1/8/2012,1686.4,1615.8,5%,2%,No,No,4%
1/9/2012,1773.9,1702.2,5%,5%,No,No,1%
1/10/2012,1720.2,1773.7,-3%,4%,No,No,-8%
1/11/2012,1712.7,1724,0%,-3%,No,No,3%
1/12/2012,1676.9,1715.5,-2%,0%,No,No,-2%
1/1/2013,1662,1675.8,-1%,-2%,No,No,1%
1/2/2013,1578.9,1665.2,-5%,-1%,No,No,-4%
1/3/2013,1595.7,1578.9,1%,-5%,No,No,6%
1/4/2013,1472.7,1598.1,-8%,1%,No,No,-9%
1/5/2013,1393,1450.3,-5%,-9%,No,No,2%
1/6/2013,1224.2,1388.8,-12%,-4%,No,No,-7%
1/7/2013,1312.6,1235.3,7%,-11%,Si,Si,19%
1/8/2013,1395.9,1324,6%,7%,Si,No,-1%
1/9/2013,1327,1387.5,-5%,5%,Si,Si,-11%
1/10/2013,1324.1,1328.2,0%,-4%,No,No,5%
1/11/2013,1250.4,1325,-6%,0%,No,No,-5%
1/12/2013,1202.6,1250.6,-4%,-6%,No,No,2%
1/1/2014,1239.8,1212.1,3%,-3%,No,No,7%
1/2/2014,1321.7,1242,7%,2%,Si,No,4%
1/3/2014,1283.8,1343,-3%,8%,No,No,-9%
1/4/2014,1296,1284.6,1%,-4%,No,No,4%
1/5/2014,1246,1288.9,-4%,0%,No,No,-5%
1/6/2014,1322.1,1250.5,6%,-3%,Si,Si,10%
1/7/2014,1281.9,1328.9,-3%,6%,No,No,-9%
1/8/2014,1287.2,1283.6,0%,-3%,No,No,3%
1/9/2014,1211.6,1264.7,-6%,-1%,No,No,-6%
1/10/2014,1172,1209.4,-3%,-4%,No,No,3%
1/11/2014,1175.5,1168.8,0%,-3%,No,No,4%
1/12/2014,1184.5,1159.4,1%,-1%,No,No,0%
1/1/2015,1279.2,1187.2,8%,2%,No,No,7%
1/2/2015,1213.5,1283,-5%,8%,Si,Si,-13%
1/3/2015,1183.2,1219,-2%,-5%,No,No,3%
1/4/2015,1182.9,1183.2,0%,-3%,No,No,2%
1/5/2015,1189.8,1175.5,1%,-1%,No,No,1%
1/6/2015,1172.3,1189.8,-1%,1%,No,No,-2%
1/7/2015,1094.7,1171.9,-7%,-2%,No,No,-5%
1/8/2015,1132.2,1094.5,3%,-7%,Si,Si,10%
1/9/2015,1115.2,1139.8,-2%,4%,No,No,-5%
1/10/2015,1141.8,1114.5,2%,-2%,No,No,4%
1/11/2015,1065.3,1141.1,-7%,2%,No,No,-9%
1/12/2015,1060.5,1064.6,0%,-7%,No,Si,6%
1/1/2016,1116.4,1062.5,5%,0%,No,No,6%
1/2/2016,1234.7,1118,11%,5%,No,No,5%
1/3/2016,1235.6,1245.3,0%,11%,Si,Si,-11%
1/4/2016,1291.5,1234.1,5%,-1%,No,No,4%
1/5/2016,1217.5,1294.1,-6%,5%,Si,Si,-10%
1/6/2016,1322,1217.9,9%,-6%,Si,Si,14%
1/7/2016,1353.1,1334.1,2%,10%,No,No,-6%
1/8/2016,1309.6,1352.7,-3%,1%,Si,No,-6%
1/9/2016,1317.1,1308.5,1%,-3%,No,No,4%
1/10/2016,1275.1,1321,-3%,1%,No,No,-4%
1/11/2016,1173.9,1279.8,-8%,-3%,No,No,-5%
1/12/2016,1152.9,1175.1,-2%,-8%,No,No,6%
1/1/2017,1211.4,1154,5%,-2%,No,Si,7%
1/2/2017,1255.4,1212.2,4%,5%,No,No,-1%
1/3/2017,1251.2,1248.2,0%,3%,No,No,-4%
1/4/2017,1270,1251.9,2%,0%,No,No,2%
1/5/2017,1275.4,1266.4,0%,1%,No,No,-1%
1/6/2017,1244.1,1271.6,-2%,0%,No,No,-3%
1/7/2017,1270.1,1244.4,2%,-2%,No,No,5%
1/8/2017,1320.4,1272.4,4%,2%,No,No,2%
1/9/2017,1284.8,1327.3,-3%,4%,No,No,-7%
1/10/2017,1272.4,1282.2,-1%,-3%,No,No,2%
1/11/2017,1276.7,1271.6,0%,-1%,No,No,1%
1/12/2017,1311.4,1277.9,3%,0%,No,No,2%
1/1/2018,1343.1,1311,2%,3%,No,No,0%
1/2/2018,1320.6,1348.2,-2%,3%,No,No,-4%
1/3/2018,1327.3,1311.8,1%,-3%,No,No,2%
1/4/2018,1322.3,1330.7,0%,1%,No,No,-1%
1/5/2018,1304.7,1311,-1%,-1%,No,No,-1%
1/6/2018,1257.3,1303,-4%,-1%,No,No,-2%
1/7/2018,1228.5,1256,-2%,-4%,No,No,1%
1/8/2018,1204.1,1228.2,-2%,-2%,No,No,0%
1/9/2018,1196.2,1201.8,-1%,-2%,No,No,1%
1/10/2018,1218,1196.1,2%,0%,No,No,2%
1/11/2018,1226,1219,1%,2%,No,No,-1%
1/12/2018,1284.5,1227.8,5%,1%,No,No,4%
1/1/2019,1325.2,1288.1,3%,5%,No,No,-2%
1/2/2019,1319.4,1326,0%,3%,No,No,-4%
1/3/2019,1298.5,1311.1,-2%,-1%,No,No,-1%
1/4/2019,1288.6,1297.2,-1%,-1%,No,No,1%
1/5/2019,1311.1,1285,2%,-1%,No,No,3%
1/6/2019,1416.7,1312.5,8%,2%,No,No,6%
1/7/2019,1431.8,1399.6,1%,7%,No,No,-7%
1/8/2019,1526.2,1419.2,7%,1%,No,No,6%
1/9/2019,1472.9,1531.9,-3%,8%,Si,Si,-10%
1/10/2019,1518.3,1478,3%,-4%,No,No,7%
1/11/2019,1472.7,1518.8,-3%,3%,No,No,-6%
1/12/2019,1526.5,1470.3,4%,-3%,No,No,7%
1/1/2020,1587.9,1526,4%,4%,No,No,0%
1/2/2020,1569.3,1597.8,-1%,5%,No,No,-5%
1/3/2020,1596.6,1593.8,2%,0%,No,No,3%
1/4/2020,1697.1,1589.4,6%,0%,No,No,5%
1/5/2020,1751.7,1697.1,3%,7%,No,No,-3%
1/6/2020,1805.2,1749.8,3%,3%,No,No,0%
1/7/2020,1973.9,1803.3,9%,3%,No,No,6%
1/8/2020,1974.5,1985.2,0%,10%,No,No,-9%
1/9/2020,1895.5,1977.4,-4%,0%,No,No,-4%
1/10/2020,1883.5,1891.2,-1%,-4%,No,No,3%
1/11/2020,1780.9,1891,-5%,0%,No,No,-5%
1/12/2020,1897.3,1780.3,7%,-6%,Si,Si,12%
1/1/2021,1850.3,1917.8,-2%,8%,No,No,-9%
1/2/2021,1730.1,1865,-6%,-3%,No,No,-4%
1/3/2021,1715.6,1739,-1%,-7%,No,No,6%
1/4/2021,1768.6,1709,3%,-2%,No,No,4%
1/5/2021,1905.3,1774.8,8%,4%,No,No,5%
1/6/2021,1772.4,1906.8,-7%,7%,Si,Si,-15%
1/7/2021,1814.5,1777.5,2%,-7%,No,No,9%
1/8/2021,1816.9,1814.6,0%,2%,No,No,-2%
1/9/2021,1757,1817.1,-3%,0%,No,No,-3%
1/10/2021,1784.9,1757.2,2%,-3%,No,No,5%
1/11/2021,1776.5,1785.5,0%,2%,No,No,-2%
1/12/2021,1829.7,1777.4,3%,0%,No,No,3%
1/1/2022,1796.4,1826.8,-2%,3%,No,No,-5%
1/2/2022,1902.2,1798.9,6%,-2%,No,No,8%
1/3/2022,1954,1909,3%,6%,Si,No,-3%
1/4/2022,1915.1,1942.4,-2%,2%,No,No,-5%
1/5/2022,1848.4,1894.5,-3%,-2%,No,No,-1%
1/6/2022,1812,1840,-2%,-3%,No,No,2%
1/7/2022,1771.5,1810.3,-2%,-2%,No,No,0%
1/8/2022,1721.4,1772.2,-3%,-2%,No,No,-1%
1/9/2022,1672,1708,-3%,-4%,No,No,0%
1/10/2022,1635.15,1671.45,-2%,-2%,No,No,1%
